y_true,y_pred,prob_class_0,prob_class_1,prob_class_2,prob_class_3
1,1,0.004046283,0.6579564,0.23206863,0.1059286
0,2,0.10006008,0.14424995,0.74197257,0.013717437
3,1,0.007910086,0.5993932,0.25938705,0.13330966
1,3,0.009806194,0.32993916,0.15535927,0.5048954
3,2,0.0011771199,0.14135335,0.4572266,0.40024295
3,1,0.004012756,0.56152725,0.40341684,0.031043166
0,0,0.59009856,0.14168455,0.0313811,0.23683582
2,2,0.0041570347,0.19215304,0.74384385,0.059846
1,3,0.16179295,0.20984508,0.2809271,0.3474349
1,1,0.1590357,0.46270543,0.37117594,0.0070829405
1,2,0.11313468,0.31181598,0.5171627,0.057886697
3,2,0.07435506,0.088452935,0.66597944,0.17121255
1,1,0.00035356754,0.619852,0.37735668,0.0024377995
1,2,0.0004008463,0.17338248,0.7862352,0.039981574
3,2,0.25930706,0.12287853,0.52779746,0.09001698
1,1,0.25003704,0.45436233,0.29543245,0.00016818011
1,2,0.1210126,0.20134783,0.49387193,0.18376763
2,2,0.07527085,0.34413975,0.4044311,0.17615834
3,2,0.07868694,0.3148165,0.461054,0.14544258
2,2,0.038231198,0.4327459,0.46745712,0.061565764
0,1,0.054002404,0.4494521,0.3628541,0.13369146
3,2,0.0003194977,0.3256845,0.5955563,0.07843971
2,1,0.17853226,0.48904923,0.33236918,4.9247406e-05
1,2,0.10489323,0.07887994,0.5259352,0.29029167
0,2,0.06581685,0.41562712,0.5040961,0.014459854
1,1,0.022443853,0.6124039,0.31789437,0.047257807
1,2,0.0020707631,0.3777855,0.56296784,0.057175986
2,2,0.043676972,0.011445064,0.9069662,0.037911747
3,1,0.0060918867,0.44195458,0.13984089,0.41211268
3,1,0.0030100725,0.6977924,0.2955658,0.0036317352
3,2,0.0006178007,0.2229971,0.5776204,0.19876479
1,1,0.0014975114,0.5426106,0.38335082,0.07254106
1,1,0.00093467004,0.7187432,0.19878665,0.08153547
3,2,0.050302394,0.22206698,0.63802946,0.08960112
0,2,0.040860154,0.120818295,0.83660394,0.0017175685
2,2,0.24028166,0.09859862,0.66096306,0.00015665434
1,2,0.23385397,0.1506273,0.3793875,0.23613119
1,2,0.034059558,0.41385284,0.5129623,0.039125312
2,2,0.28466594,0.1815594,0.48890322,0.0448714
3,3,0.0009954363,0.20471106,0.19900562,0.59528786
2,2,0.19720875,0.18192713,0.53626996,0.08459417
0,2,0.08892847,0.013563269,0.8619146,0.035593744
0,3,0.00025310335,0.117699005,0.17962681,0.7024211
1,1,0.00016605877,0.9164585,0.0825497,0.000825735
1,1,0.0012076773,0.6162549,0.23911525,0.1434222
1,1,0.0016759557,0.6021212,0.38785824,0.008344624
3,2,0.110024005,0.34486023,0.5433437,0.0017720817
3,2,0.21046391,0.33010274,0.3650446,0.09438879
1,3,0.12424113,0.26293057,0.25970185,0.35312644
1,3,0.16502829,0.22083782,0.18839404,0.42573982
1,2,0.04064247,0.24240787,0.71446526,0.0024844173
1,1,0.0005798204,0.5181828,0.47052872,0.010708644
1,2,0.025594318,0.43221444,0.541985,0.00020624026
1,2,0.009474429,0.38054672,0.6005212,0.009457635
0,2,0.1447858,0.005495779,0.7152698,0.13444859
2,3,0.21212783,0.20410256,0.18874459,0.39502496
1,1,0.22602601,0.64355487,0.10390236,0.02651673
1,2,0.102964096,0.18970579,0.70050406,0.006826105
1,2,0.0007483491,0.4366681,0.50572383,0.05685977
2,2,0.054077636,0.15907775,0.7850813,0.0017632198
1,1,0.0014361114,0.49485806,0.45907548,0.044630364
0,2,0.014966851,0.3519523,0.6298656,0.0032152373
1,3,0.17851458,0.07512281,0.28639913,0.45996347
0,2,0.3801253,0.03739794,0.49768046,0.08479624
3,1,0.00084536057,0.49522516,0.47652817,0.027401308
1,2,0.0010878366,0.27464622,0.5292489,0.19501702
1,1,0.00032632324,0.5435778,0.24930015,0.20679569
1,2,0.000767676,0.27431184,0.72482705,9.340488e-05
0,2,0.019290583,0.21195059,0.533338,0.23542088
1,1,0.005481749,0.5642806,0.39870715,0.03153049
2,1,0.065242626,0.41099742,0.3905597,0.13320032
1,3,0.07612359,0.4476282,0.024775386,0.45147288
3,3,0.07612359,0.4476282,0.024775386,0.45147288
0,2,0.26369154,0.35631403,0.37932956,0.00066482084
1,2,0.16431713,0.3451096,0.43440145,0.056171797
0,1,0.35561958,0.43932062,0.20439747,0.000662338
1,2,0.21479127,0.3406381,0.44393605,0.00063458167
3,0,0.5477212,0.32482085,0.12283594,0.0046220087
1,1,0.0034027752,0.5897542,0.3288741,0.07796893
3,3,0.00034376016,0.30337623,0.18990983,0.5063702
2,2,0.0008011233,0.26664147,0.7322457,0.00031174583
2,2,0.00071314955,0.34274974,0.4018265,0.25471058
1,1,0.033565395,0.55691934,0.4083874,0.0011278794
0,0,0.40792164,0.1781441,0.31703785,0.096896395
0,2,0.0047727865,0.020653227,0.8510266,0.123547345
3,3,0.07460455,0.24165538,0.3350627,0.34867737
1,1,0.0025758266,0.5066882,0.48606503,0.00467095
0,2,0.00046456058,0.3834507,0.6158798,0.00020496854
1,1,0.00071281526,0.59637177,0.40226606,0.0006492878
2,2,0.087363,0.40206742,0.46262753,0.04794208
0,2,0.01929582,0.16886105,0.77244663,0.03939656
3,2,0.102457985,0.25284228,0.6401419,0.0045578023
3,1,0.0007828936,0.64578646,0.35307914,0.000351517
3,2,0.21040824,0.022934387,0.5110262,0.25563115
1,1,0.12841013,0.5293058,0.13130455,0.21097954
0,2,0.005018046,0.29660165,0.6949467,0.0034335172
0,2,0.27673227,0.0019157758,0.6722248,0.049127076
3,2,0.054242972,0.22070026,0.7044733,0.020583453
0,2,0.18958052,0.18936424,0.6198969,0.0011583708
2,2,0.11921456,0.06871984,0.74422264,0.06784294
3,1,0.21668334,0.66739047,0.09734197,0.018584248
3,1,0.020624224,0.48564455,0.13563313,0.35809812
1,1,0.033289306,0.37741753,0.2975876,0.29170558
1,2,0.1848212,0.3323147,0.34606752,0.1367966
1,0,0.37910265,0.2746277,0.34490186,0.0013678374
3,2,0.1694597,0.0056000906,0.8125777,0.012362465
0,2,0.24635272,0.21735911,0.53475255,0.0015356374
1,1,0.0046424344,0.44074196,0.43050456,0.12411106
3,2,0.13840742,0.07976018,0.74265647,0.039175916
3,2,0.0014577272,0.3329196,0.36677864,0.29884404
3,1,0.00092659815,0.4612971,0.43459043,0.10318585
1,1,0.0011492384,0.5881296,0.39275312,0.01796806
1,1,0.021477045,0.5456889,0.4299216,0.0029125006
2,1,0.1664475,0.51100653,0.3065456,0.01600036
0,0,0.46152562,0.24702437,0.2895912,0.0018588351
1,1,0.00037836895,0.722393,0.2376944,0.039534304
3,1,0.00039373006,0.6328406,0.3583946,0.008371109
0,2,0.014824517,0.0987003,0.7436272,0.14284801
2,3,0.0004331929,0.17704062,0.25743148,0.56509465
1,1,0.008216081,0.68839955,0.29922616,0.0041581946
1,2,0.008438199,0.36403108,0.42477655,0.20275423
3,2,0.0016542515,0.15210627,0.4983466,0.3478929
1,3,0.07612359,0.4476282,0.024775386,0.45147288
3,1,0.00012748773,0.5270139,0.0119895255,0.460869
2,2,0.0239011,0.34568658,0.52906805,0.10134428
2,2,0.026275713,0.2590367,0.66888237,0.045805246
3,1,0.02542302,0.4781007,0.4462056,0.050270695
1,2,0.0027895605,0.2889941,0.4961909,0.21202548
1,1,0.001249998,0.7945588,0.14872393,0.055467214
3,1,0.005085995,0.5821087,0.3912524,0.021552948
1,1,0.0020830506,0.48473823,0.46316582,0.05001292
2,2,0.097378716,0.33595413,0.41576427,0.15090288
1,2,0.00057825027,0.27865,0.6131772,0.107594654
3,2,0.21358544,0.0027228596,0.7695267,0.014165047
1,3,0.021119298,0.1916714,0.17789209,0.6093172
1,3,0.00025002955,0.3375894,0.2658499,0.39631066
1,2,0.17961805,0.10794804,0.553938,0.15849589
2,2,0.13786913,0.11319234,0.67258483,0.07635365
2,1,0.00025382906,0.6115107,0.38793382,0.00030162625
1,1,0.0010298047,0.5111651,0.48759767,0.00020746612
1,1,0.0021321678,0.8067842,0.19096674,0.000116902804
2,1,0.15853442,0.41156763,0.38568395,0.044214103
1,1,0.0011499758,0.44615042,0.4301048,0.12259485
3,2,0.086448014,0.33386135,0.5695387,0.010151887
2,2,0.0028305366,0.42626494,0.48619995,0.08470461
0,2,0.043772213,0.05694871,0.8986615,0.0006175567
1,2,0.012960649,0.40922707,0.5656902,0.0121220155
2,2,0.008557877,0.41750127,0.5719738,0.0019670634
3,1,0.00027684902,0.96294796,0.03664884,0.00012628724
3,1,0.00061616226,0.7080081,0.07991819,0.21145757
3,2,0.0024113536,0.15020245,0.7003431,0.14704321
3,1,0.0005143765,0.6969702,0.2982169,0.004298489
3,2,0.00080582703,0.2666499,0.5155004,0.21704385
2,2,0.1733816,0.3905383,0.3994737,0.03660641
0,2,0.0033631618,0.40736595,0.55635077,0.03292008
2,2,0.0024412894,0.32971364,0.58372223,0.08412288
2,1,0.15415733,0.47389486,0.3606217,0.011326097
3,1,0.00041491925,0.5844428,0.33727622,0.077866
1,1,0.0030970592,0.4996858,0.4971229,9.419385e-05
1,2,0.0020322897,0.40287635,0.59377223,0.001319125
0,2,0.1324048,0.24596637,0.6158224,0.0058064163
3,1,0.00032450497,0.5144926,0.1912723,0.2939106
1,1,0.0012881887,0.4427181,0.19540423,0.3605895
2,2,0.018771054,0.12823607,0.8525793,0.00041358185
0,2,0.23012398,0.18842344,0.5596134,0.021839155
1,2,0.0023933377,0.34784976,0.64740217,0.0023548028
2,1,0.002855146,0.5942377,0.3709485,0.03195862
2,2,0.0045943796,0.28812483,0.70714563,0.00013511551
0,2,0.17555757,0.3172454,0.5050221,0.002174956
0,0,0.76958996,0.15659124,0.0724067,0.001412155
1,1,0.018911516,0.5183077,0.029311262,0.43346953
1,2,0.19142985,0.11946094,0.67957217,0.0095370365
2,2,0.041605238,0.29542598,0.6360323,0.026936555
3,1,0.27894017,0.523574,0.19510902,0.0023768265
3,2,0.0005719141,0.40963808,0.43672687,0.15306315
3,1,0.0011580832,0.52461344,0.27883527,0.19539319
1,1,0.001254153,0.6156575,0.37831008,0.0047782776
2,2,0.28188235,0.25742373,0.46010092,0.0005930041
2,2,0.0008865004,0.33545366,0.6634407,0.00021913108
2,2,0.038470663,0.11188743,0.84934175,0.00030014972
1,1,0.008844447,0.51642317,0.15975393,0.31497845
1,1,0.050509296,0.42543533,0.3064077,0.21764769
2,2,0.009906819,0.38758856,0.60223377,0.00027085596
1,1,0.00018622659,0.4633248,0.15563282,0.3808562
3,2,0.08768822,0.24753256,0.46087974,0.20389947
3,3,0.0130952,0.060820192,0.26942047,0.6566642
1,1,0.002085703,0.55615884,0.41194424,0.029811228
2,1,0.0031080332,0.5831362,0.30827227,0.10548349
1,2,0.0006954521,0.4305459,0.5601003,0.008658315
2,2,0.000428924,0.26762936,0.7293902,0.0025515107
1,1,0.15955973,0.5960905,0.22943933,0.014910402
3,2,0.39171565,0.14228474,0.4104294,0.05557023
1,3,0.0034052385,0.2585808,0.27297652,0.4650374
0,0,0.70453304,0.079746954,0.11709091,0.098629095
3,1,0.0037861143,0.572492,0.4217519,0.001970099
0,2,0.11121559,0.20713438,0.39655828,0.28509173
1,2,0.013331645,0.40183976,0.5477949,0.037033666
1,1,0.0009600986,0.5671652,0.43114024,0.00073447014
2,2,0.15497248,0.0897531,0.60630924,0.1489652
3,1,0.229112,0.41685274,0.15485793,0.19917737
3,2,0.0065924395,0.007846505,0.6371287,0.34843233
3,2,0.27246282,0.17749654,0.5337084,0.016332267
3,3,0.0032100265,0.16344091,0.1297537,0.7035954
1,1,0.0013416344,0.5041163,0.36588407,0.12865803
3,1,0.0073223696,0.52337766,0.2955646,0.1737353
1,2,0.025781717,0.40153083,0.5702586,0.0024288758
1,1,0.095095,0.51262265,0.3568941,0.035388213
2,1,0.00050692173,0.599764,0.39948547,0.00024369147
3,1,0.0031257155,0.50396365,0.17627649,0.31663412
3,1,0.0001847763,0.6500205,0.20832218,0.14147255
3,1,0.0007669018,0.50156134,0.263415,0.23425673
0,0,0.4993938,0.013303156,0.15971597,0.32758707
1,1,0.0012714746,0.48889962,0.38445655,0.12537234
1,1,0.1968483,0.42545494,0.3772629,0.00043383014
2,2,0.006515929,0.31542763,0.6773281,0.0007283355
1,2,0.0024409827,0.14094828,0.8432076,0.013403074
2,2,0.02492842,0.33103132,0.5635432,0.08049707
2,2,0.10579883,0.24062248,0.62246066,0.031118013
2,2,0.0037995186,0.053173784,0.9429659,6.074255e-05
3,2,0.00926486,0.22753048,0.5867982,0.1764065
2,2,0.0007536754,0.102329485,0.79927945,0.097637355
3,3,0.0003265914,0.08036966,0.1748183,0.7444854
1,2,0.004266636,0.4289926,0.5365204,0.030220347
1,1,0.071941204,0.5325575,0.33286068,0.06264065
0,1,0.002877281,0.4888265,0.06471564,0.44358057
3,2,0.3868878,0.029183457,0.5829898,0.0009389494
2,1,0.0037593658,0.57126105,0.41281837,0.012161168
1,2,0.13978224,0.3407466,0.5181643,0.0013069034
2,2,0.31398198,0.19086672,0.32621142,0.16893984
1,2,0.289282,0.26349938,0.37718245,0.07003619
0,2,0.1711539,0.22896133,0.58915347,0.010731239
2,2,0.026330672,0.1710547,0.8018158,0.00079872244
