y_true,y_pred,prob_class_0,prob_class_1
0,0,0.762671,0.23732898
1,0,0.75713253,0.24286751
1,0,0.642777,0.35722297
0,0,0.8446182,0.15538184
1,1,0.26094282,0.7390572
1,0,0.8855286,0.11447139
1,1,0.3401127,0.6598874
0,0,0.87808967,0.12191037
0,0,0.50285023,0.4971498
0,1,0.44938478,0.5506152
0,0,0.72203344,0.27796653
1,1,0.20603926,0.7939608
0,0,0.7089786,0.29102138
0,0,0.988301,0.011698964
1,0,0.74078757,0.25921237
0,0,0.927853,0.072147034
0,0,0.65388495,0.34611502
0,0,0.68774164,0.3122584
1,0,0.79416263,0.20583735
0,0,0.84556514,0.15443496
1,0,0.92092574,0.07907421
1,0,0.9410956,0.058904316
0,0,0.783371,0.21662901
0,0,0.58088434,0.4191157
1,1,0.36062834,0.63937163
0,0,0.8736582,0.12634183
0,0,0.92798585,0.072014116
0,0,0.64565605,0.35434398
1,1,0.4190082,0.58099174
1,0,0.9394916,0.06050831
1,0,0.535985,0.46401495
0,0,0.75412846,0.24587159
0,0,0.9404553,0.059544683
1,0,0.7191848,0.28081512
1,0,0.62058955,0.37941042
0,0,0.8687584,0.13124162
0,0,0.53112555,0.4688744
0,0,0.877614,0.12238599
0,0,0.60438204,0.39561793
1,1,0.4514186,0.5485814
0,1,0.36872342,0.63127655
1,0,0.62731034,0.3726897
1,1,0.09881937,0.9011807
0,0,0.90603167,0.09396833
0,0,0.78671324,0.21328676
0,0,0.9326838,0.06731623
1,0,0.74440897,0.255591
1,0,0.6691068,0.3308932
0,0,0.6339271,0.3660729
0,1,0.4086688,0.59133124
0,0,0.9575345,0.04246545
0,0,0.5671385,0.43286148
0,0,0.8067129,0.19328706
0,0,0.9068315,0.0931685
1,1,0.24752824,0.7524717
0,1,0.23548453,0.76451546
0,0,0.6026045,0.3973955
0,0,0.9077856,0.09221441
0,0,0.97115266,0.028847365
0,0,0.95804185,0.041958068
0,0,0.5926734,0.4073266
1,0,0.5541624,0.44583765
0,1,0.49597776,0.50402224
1,1,0.471457,0.528543
1,0,0.6587644,0.3412356
0,0,0.769626,0.23037393
0,0,0.84025097,0.15974902
0,0,0.9889258,0.011074134
1,1,0.25226584,0.7477341
0,0,0.75632906,0.2436709
0,1,0.49629772,0.5037023
0,0,0.55364233,0.44635767
1,0,0.55364233,0.44635767
1,0,0.6821678,0.31783217
0,0,0.8588338,0.14116617
1,0,0.51852965,0.48147035
0,0,0.92359984,0.076400146
1,0,0.674139,0.32586092
0,0,0.8678821,0.13211796
1,0,0.5055683,0.4944317
0,0,0.9253567,0.074643284
0,0,0.57207936,0.42792064
0,0,0.8139218,0.1860781
1,1,0.37251168,0.6274883
1,0,0.7459584,0.25404155
1,1,0.23089091,0.76910913
0,0,0.90052533,0.099474646
1,0,0.7832487,0.21675126
0,0,0.9790717,0.020928327
0,1,0.14427832,0.85572165
1,0,0.6431131,0.35688692
1,0,0.5757382,0.4242618
1,0,0.9729025,0.027097527
1,0,0.86037123,0.13962881
0,0,0.7792236,0.22077632
1,0,0.8586516,0.14134835
1,1,0.15690233,0.8430977
1,0,0.565027,0.43497297
1,1,0.2692671,0.7307329
0,0,0.60886794,0.39113203
1,1,0.46650082,0.53349924
1,0,0.6608359,0.33916408
0,0,0.7875785,0.21242148
0,0,0.7158654,0.28413463
0,0,0.7061883,0.29381165
1,1,0.09325237,0.90674764
1,1,0.43484554,0.56515443
0,0,0.74694335,0.2530567
1,0,0.6321347,0.36786538
1,0,0.9023179,0.097682096
1,0,0.53266805,0.46733195
0,0,0.9561401,0.04385981
0,0,0.6635245,0.33647558
0,0,0.66659725,0.33340278
1,1,0.26958972,0.7304102
0,0,0.8475204,0.15247966
1,0,0.8997838,0.100216225
1,0,0.5935089,0.40649104
0,0,0.56601876,0.4339812
0,0,0.93086654,0.06913341
0,0,0.87311363,0.1268864
1,1,0.33169872,0.66830134
0,0,0.55364233,0.44635767
1,0,0.6110927,0.38890734
0,0,0.8147101,0.18528989
0,0,0.7870294,0.21297063
1,0,0.8413001,0.15869986
0,0,0.92897993,0.07102006
0,0,0.76720554,0.23279448
1,0,0.83036846,0.16963154
0,0,0.84182507,0.15817492
0,0,0.5837293,0.4162706
0,0,0.8542684,0.14573157
1,1,0.15491913,0.84508085
0,0,0.69870424,0.30129576
0,0,0.6476266,0.35237336
0,0,0.6489723,0.35102773
0,0,0.8509691,0.1490309
0,0,0.9794802,0.020519799
0,0,0.7112182,0.28878185
0,0,0.9410453,0.058954705
0,1,0.49412912,0.50587094
0,0,0.93624973,0.06375022
1,0,0.72584593,0.27415407
0,0,0.76648617,0.2335138
1,0,0.61072254,0.38927743
0,0,0.6168358,0.3831642
0,0,0.9912614,0.008738571
1,0,0.940196,0.059804074
1,1,0.20969696,0.790303
1,1,0.35614368,0.64385635
1,0,0.9034191,0.09658089
1,0,0.6711115,0.32888848
0,0,0.7172681,0.28273195
1,0,0.7735409,0.22645906
0,0,0.91097057,0.0890294
0,0,0.5576146,0.4423854
1,0,0.7382128,0.2617871
0,0,0.89696974,0.10303022
0,0,0.9852027,0.0147973485
1,0,0.53665584,0.46334422
1,0,0.7401779,0.25982207
0,1,0.38271683,0.61728317
0,0,0.7035376,0.29646248
1,1,0.3722299,0.6277701
0,0,0.6528272,0.34717283
0,0,0.9115368,0.08846311
0,0,0.9843423,0.015657736
1,0,0.5245998,0.47540012
1,1,0.36497843,0.6350216
0,1,0.29326332,0.7067366
0,0,0.79066414,0.20933585
0,0,0.76339567,0.23660436
1,0,0.7962126,0.20378737
1,1,0.059982896,0.9400171
1,1,0.40854678,0.59145325
0,0,0.9459507,0.054049317
0,0,0.5680937,0.43190622
0,0,0.98263115,0.017368883
0,0,0.760791,0.23920898
0,1,0.33754978,0.66245025
0,0,0.92194325,0.07805675
0,0,0.9943486,0.005651388
0,0,0.56794745,0.43205252
1,1,0.38038433,0.6196157
1,1,0.4165443,0.5834556
0,0,0.94443357,0.055566404
0,0,0.7202974,0.27970257
0,0,0.8812472,0.1187528
0,0,0.93189293,0.06810703
0,0,0.8011972,0.19880286
1,1,0.3839208,0.6160793
0,0,0.904584,0.09541598
1,1,0.18768653,0.8123135
1,0,0.9721636,0.02783643
1,0,0.5162431,0.48375687
0,0,0.57424504,0.42575493
0,0,0.9230776,0.07692236
0,0,0.50194865,0.49805138
1,1,0.16976562,0.8302344
1,1,0.29054162,0.7094584
1,1,0.48546773,0.51453227
1,1,0.15814027,0.84185976
0,0,0.75503737,0.24496256
1,0,0.7122345,0.2877655
0,0,0.84382933,0.15617071
0,0,0.9034756,0.096524455
0,0,0.97949874,0.02050116
1,0,0.66164684,0.33835316
1,0,0.9224186,0.07758144
1,0,0.63712835,0.3628717
1,1,0.04678874,0.9532113
0,0,0.8426015,0.15739854
0,0,0.7980493,0.20195074
0,0,0.8654533,0.13454667
0,1,0.49165338,0.5083467
0,0,0.8055741,0.1944259
0,0,0.6233694,0.3766307
0,0,0.8123703,0.18762976
1,0,0.8329582,0.16704184
0,0,0.80912656,0.19087343
1,1,0.23744738,0.7625526
0,0,0.63745105,0.36254895
0,0,0.72956085,0.2704391
1,1,0.2554614,0.7445386
1,1,0.33960363,0.6603964
0,0,0.90359634,0.09640366
0,0,0.7994102,0.20058975
0,1,0.44232544,0.5576746
0,0,0.66648763,0.3335124
1,0,0.76201737,0.23798268
0,0,0.6128806,0.3871194
